"",Q1 2020,Q1 2019,Y/Y,Q4 2019,Q/Q
Revenue ($B),$1.79,$1.27,Up 40%,$2.13,Down 16%
Gross margin,46%,41%,Up 5pp,45%,Up 1pp
Operating expenses ($M),$641,$543,Up $98,$601,Up $40
Operating income ($M),$177,$38,Up $139,$348,Down $171
Net income ($M),$162,$16,Up $146,$170,Down $8
Earnings per share,$0.14,$0.01,Up $0.13,$0.15,Down $0.01
"",Q1 2020,Q1 2019,Y/Y,Q4 2019,Q/Q
Revenue ($B),$1.79,$1.27,Up 40%,$2.13,Down 16%
Gross margin,46%,41%,Up 5pp,45%,Up 1pp
Operating expenses ($M),$584,$498,Up $86,$545,Up $39
Operating income ($M),$236,$84,Up $152,$405,Down $169
Net income ($M),$222,$62,Up $160,$383,Down $161
Earnings per share,$0.18,$0.06,Up $0.12,$0.32,Down $0.14
"",,,"March 28,  2020",,"December 28,  2019",,,,"March 30,  2019",
GAAP gross margin,,$,,818  $,,949,$,,,521
GAAP gross margin %,,,,46 %,,45 %,,,,41 %
Stock-based compensation,,,,2,,1,,,,1
Non-GAAP gross margin,,$,,820  $,,950,$,,,522
Non-GAAP gross margin %,,,,46 %,,45 %,,,,41 %
"",,,,,,,,,,
GAAP operating expenses,,$,,641  $,,601,$,,,543
Stock-based compensation,,,,57,,56,,,,40
Loss contingency on legal matter,,,,—,,—,,,,5
Non-GAAP operating expenses,,$,,584  $,,545,$,,,498
"",,,,,,,,,,
GAAP operating income,,$,,177  $,,348,$,,,38
Stock-based compensation,,,,59,,57,,,,41
Loss contingency on legal matter,,,,—,,—,,,,5
Non-GAAP operating income,,$,,236  $,,405,$,,,84
"",,,,,,,,,,
"",,,,Three Months Ended,,,,,,
"",,"March 28,  2020",,"December 28,",2019,,,,"March 30,  2019",
GAAP net income / earnings per share,$,162,$ 0.14,$ 170,$ 0.15,,$,,16  $,0.01
Loss on debt redemption/conversion,,—,—,128,0.10,,,,8,0.01
Non-cash interest expense related to convertible debt,,2,—,,4,—,,,6,0.01
Stock-based compensation,,59,0.04,57,0.05,,,,41,0.04
Equity loss in investee,,—,—,,—,—,,,1,—
Loss contingency on legal matter,,—,—,,—,—,,,5,—
Provision for (benefit from) income taxes,,(1),—,24,0.02,,,,(15 ),(0.01 )
Non-GAAP net income / earnings per share,$,222,$ 0.18,$ 383,$ 0.32,,$,,62  $,0.06
"",,,,,,,,,,
Shares used and net income adjustment in,,,,,,,,,,
earnings per share calculation (1),,,,,,,,,,
"March 30,  March 28,  2020",,"December 28,  2019",,2019,
"Net revenue  $ 1,786",$,"2,127",$,"1,272",
Cost of sales,968,"1,178",,,751
Gross margin,818,,949,,521
Gross margin %,46 %,,45 %,,41 %
Research and development,442,,395,,373
"Marketing, general and administrative",199,,206,,170
Licensing gain,—,,—,,(60)
Operating income,177,,348,,38
Interest expense,(13),,(18),,(27)
"Other income (expense), net",4,(125),,,(7)
Income before income taxes and equity loss,168,,205,,4
Provision for (benefit from) income taxes,6,,35,,(13)
Equity loss in investee,—,,—,,(1)
Net Income  $,162  $,,170  $,,16
Operating income,,177,,348,,38
Interest expense,,(13),,(18 ),,(27)
"Other income (expense), net",,4,,(125),,(7)
Income before income taxes and equity loss,,168,,205,,4
Provision for (benefit from) income taxes,,6,,35,,(13)
Equity loss in investee,,—,,—,,(1)
Net Income,$,162,$,170,$,16
Earnings per share,,,,,,
Basic,$,0.14,$,0.15,$,0.01
Diluted,$,0.14,$,0.15,$,0.01
Shares used in per share calculation,,,,,,
Basic,,"1,170",,"1,140",,"1,044"
"December 28,  March 28, 2020",,2019,
ASSETS,,,
Current assets:,,,
"Cash and cash equivalents  $ 1,330",$,"1,466",
Marketable securities,55,,37
"Accounts receivable, net 1,691",,"1,859",
"Inventories, net 1,056",,,982
Prepayment and receivables—related parties,17,,20
Prepaid expenses and other current assets,241,,233
"Total current assets 4,390",,"4,597",
"Property and equipment, net",540,,500
Operating lease right-of use assets,221,,205
Goodwill,289,,289
Investment: equity method,58,,58
Other assets,366,,379
"Total Assets  $ 5,864  $",,"6,028",
"",,,
LIABILITIES AND STOCKHOLDERS' EQUITY,,,
Current liabilities:,,,
Accounts payable  $,653   $,,988
Payables to related parties,187,,213
"Accrued liabilities 1,070",,"1,084",
Other current liabilities,75,,74
"Total current liabilities 1,985",,"2,359",
"Long-term debt, net",488,,486
Long-term operating lease liabilities,211,,199
Other long-term liabilities,143,,157
"",,,
Stockholders' equity:,,,
Capital stock:,,,
"Common stock, par value",12,,12
"Additional paid-in capital 10,026",,"9,963",
"Treasury stock, at cost",,(54 ),(53 )
Accumulated deficit,,"(6,933 )","(7,095 )"
Accumulated other comprehensive loss,,(14 ),—
Total Stockholders' equity,,"3,037","2,827"
Total Liabilities and Stockholders' Equity,$,"5,864  $","6,028"
"","March 30,  March 28,  2020",,"December 28,  2019",,2019,
ent and Category Information,,,,,,
Computing and Graphics (1),,,,,,
Net revenue,"$ 1,438  $",,"1,662",$,,831
Operating income,$,262  $,,360$,,16
"Enterprise, Embedded and Semi-Custom (2)",,,,,,
Net revenue,$,348  $,,465$,,441
Operating (loss) income,$,(26 )  $,,45$,,68
All Other (3),,,,,,
Net revenue,$,—  $,,—$,,—
Operating loss,$,(59 )  $,,(57 )  $,,(46 )
Total,,,,,,
Net revenue,"$ 1,786  $",,"2,127  $",,"1,272",
Operating income,$,177  $,,348  $,,38
"",,,,,,
"",,,,,,
r Data,,,,,,
Capital expenditures,$,55  $,,42$,,62
Adjusted EBITDA (4),$,304  $,,469$,,130
"Cash, cash equivalents and marketable securities","$ 1,385  $",,"1,503",$,"1,194",
Free cash flow (5),$,(120 )  $,,400$,,(275 )
Total assets,"$ 5,864  $",,"6,028",$,"4,931",
Total debt,$,488  $,,486$,"1,094",
"March 30,  March 28,  2020",,"December 28,  2019",,2019
Segment and Category Information,,,,
"","March 30,  March 28,  2020",,"December 28,  2019",,2019,
P net income,$,162  $,,170  $,,16
Interest expense,,13,,18,,27
"Other (income) expense, net",,(4),,125,,7
Provision for (benefit from) income taxes,,6,,35,,(13)
Equity loss in investee,,—,,—,,1
Stock-based compensation,,59,,57,,41
Depreciation and amortization,,68,,64,,46
Loss contingency on legal matter,,—,,—,,5
ted EBITDA,$,304  $,,469  $,,130
